"name","population","hhd_income","uninsured","disabled_pct","married_pct","employed_pct","notcitizen_pct","hispanic_pct","white_pct","black_pct","racial_majority"
"Baldwin County, Alabama",220911,220247,17928,14.440657097202,63.1100307363599,56.571198355899,2.94553010035716,4.7607407508001,83.1149195829995,7.99779096559248,"white"
"Calhoun County, Alabama",111075,109308,12279,20.048615800135,57.0533423362593,59.1879360792257,1.1334683772226,4.08912896691425,71.1834346162503,22.2030159801936,"white"
"Etowah County, Alabama",101470,100999,13385,15.7130186261949,56.0204986695575,58.2290332117867,0.904700896816793,4.16871981866562,77.3529121907953,15.5691337341086,"white"
"Houston County, Alabama",104604,104377,13444,15.9687966043364,53.4109594279377,57.577148101411,1.56972964704983,3.4367710603801,64.7671217161868,27.9387021528813,"white"
"Jefferson County, Alabama",652965,642964,61650,14.8919161057637,51.981346626542,59.6191220050079,2.2452964553996,4.10741770232708,49.3651267678972,43.2539263207063,"white"
"Lee County, Alabama",163952,158336,11623,11.514345662145,63.7247487069386,63.7442666146189,3.64191958622036,3.71572167463648,67.6405289352981,22.7334829706255,"white"
"Limestone County, Alabama",95533,95501,11163,14.5195900892885,70.6122491704437,58.4216972145751,0.599792741775093,6.40092952173594,76.0742361278302,13.5335433829148,"white"
"Madison County, Alabama",366888,362024,27905,13.2530908615163,61.0014500337978,61.3031769913434,2.53074507751684,5.22720830335143,64.2449466867273,24.627406729029,"white"
"Marshall County, Alabama",95953,95745,11196,13.8025908517712,64.332537804967,56.7006763728075,5.70070763811449,14.873948704053,79.4430606651173,3.98111575458818,"white"
"Mobile County, Alabama",409112,406256,46335,13.4772385068148,53.8564011810947,58.737705078316,1.13831909110464,3.04146541778291,56.3019417665578,36.3844130702595,"white"
"Montgomery County, Alabama",220235,216789,20894,12.9416305310237,45.8805366994347,58.3712852180625,2.79746634277022,3.6370240879061,32.1670034281563,58.7299929620632,"white"
"Morgan County, Alabama",117792,117661,12020,14.9466856832383,58.7510187449063,58.0973240967129,3.45184732409671,8.88430453681065,75.0076405867971,13.2852825319207,"white"
"Shelby County, Alabama",215918,214381,14391,11.31494363601,71.0635519039635,59.1317074074417,3.09700904973184,5.85175853796349,77.2987893552182,12.262988727202,"white"
"Talladega County, Alabama",76722,76141,7782,26.2010896483408,49.8787831391257,57.8152290086286,0.907171345898178,2.31876124188629,62.3589061807565,32.8667135893225,"white"
"Tuscaloosa County, Alabama",207872,199494,14856,13.0734298029557,55.0559959975369,63.0359067118227,2.27110914408867,3.99669027093596,60.7296798029557,32.6984875307882,"white"
"Anchorage Municipality, Alaska",276960,275449,29425,10.9806470248411,58.6322934719815,62.0771952628538,3.80813113807048,9.28726169844021,56.7110774119006,4.93536972848065,"white"
"Maricopa County, Arizona",4452661,4422563,511760,11.3989140426365,58.7129583860078,59.4794438651404,8.43610146831299,31.4633429313393,54.3370582220385,5.89384639881635,"white"
"Pima County, Arizona",1023741,1008749,105102,15.4794034819354,53.6793974257161,57.0014290723923,7.30292134436347,37.9449489665843,51.1597171550226,3.50547648282134,"white"
"Pinal County, Arizona",436020,435028,40998,15.4320902710885,65.2369157378102,53.3067290491262,4.19866061189854,29.7055180955002,57.6794642447594,4.2656300169717,"white"
"Yavapai County, Arizona",233842,230061,25041,17.8090334499363,60.6131490493581,49.4667339485636,3.69309191676431,14.6761488526441,80.0493495608146,0.848863762711574,"white"
"Garland County, Arkansas",98266,97417,10837,19.0259092666843,55.3121120224696,55.1838886288238,2.59499725235585,5.88606435593186,81.957136751267,7.99259153725602,"white"
"Pulaski County, Arkansas",384198,381869,34125,16.0347008573704,49.9554916995924,59.4008818369695,2.886011900114,6.12626822627916,51.4143748796194,37.674584459055,"white"
"Saline County, Arkansas",121134,121017,10008,15.6264962768504,64.8471940165437,56.4292436475308,1.41000875063979,5.09848597421038,83.6222695527267,7.4553799924051,"white"
"Sebastian County, Arkansas",126657,125841,14395,21.2621489534728,58.7065855025778,57.7812517271055,6.04151369446616,14.7950764663619,68.6539235889055,6.97158467356719,"white"
"Washington County, Arkansas",237158,231236,30373,12.286745545164,58.1991752333887,61.5290228455291,8.27971225933766,17.2340802334309,69.812951703084,3.84933251250221,"white"
"Alameda County, California",1661492,1638080,63235,8.68099274627865,61.5962640807178,64.1185753527552,14.1378351505755,22.3136193252811,30.3896738593987,10.6297833513493,"white"
"Contra Costa County, California",1148991,1143695,63065,10.6757146052493,67.0731972661231,60.0561710230977,11.4053983016403,26.0959398289456,42.4786617127549,8.71991164421653,"white"
"Fresno County, California",987054,980836,82530,13.3138612477129,56.7498839982412,57.5086064186964,11.6091926074967,53.820966228798,28.5363313456001,4.62831820751448,"white"
"Kern County, California",873613,869948,69555,11.0017822536981,59.3456141334893,57.2792529415199,12.6069552536421,54.7576558499015,33.056513582101,4.74466382711796,"white"
"Los Angeles County, California",9964081,9843290,981687,9.88481526796099,55.7499883832739,63.3376525140653,15.9367431878565,48.7290197660978,25.8174637480366,7.97688216304143,"white"
"Merced County, California",274548,270940,32243,13.1554409429317,57.5946646852281,57.4828445299183,17.2177542724769,61.3510205865641,26.2216443026356,3.12622929323834,"white"
"Monterey County, California",418564,414415,40447,8.94510755822288,61.1411874886517,57.169751818121,20.8469911411397,60.5164323735438,28.7614319435021,2.22546611748741,"white"
"Napa County, California",135962,133686,8963,12.274017740251,64.365043173828,58.8833644694841,10.0520733734426,34.6508583280622,51.6026536826466,2.27784233830041,"white"
"Orange County, California",3157964,3128979,241990,8.59496815036524,65.463729162207,61.7304060464274,13.0133529071262,34.0100140470252,39.7250886963879,1.72183723436999,"white"
"Placer County, California",395399,393479,16801,10.3761011029365,70.3744824847812,56.7484996168427,4.58195392502257,14.3811694010354,71.3448946507199,1.95878087703813,"white"
"Riverside County, California",2445952,2427078,212909,11.9932852320896,63.5799884871003,58.6203654037365,9.31097584907635,50.1238372625464,33.8545891333926,6.53303907844471,"white"
"Sacramento County, California",1537734,1526452,88687,12.0092941952249,56.5089931028383,60.86911000212,8.98120221052536,23.6489535901528,43.7686231819027,9.40890947328992,"white"
"San Bernardino County, California",2135343,2125587,193962,11.376251965141,62.5059299606667,59.9685390122336,10.3421323880988,54.798456266745,26.996318624221,8.01955470385788,"white"
"San Diego County, California",3233043,3203956,259380,9.79164211549305,61.2637382181431,61.8105295846668,9.87515476905194,34.4649916502812,44.5874366657047,4.58069997831764,"white"
"San Francisco County, California",877730,861418,33005,9.76872158864343,46.7550385653903,69.8767274674444,11.9589167511649,15.2221070260786,39.849953858248,5.43971380720723,"white"
"San Joaquin County, California",748605,741117,50718,12.5544178839308,63.3462239765965,58.5110973076589,10.896400638521,42.3416888746402,30.1363202222801,6.55379004949206,"white"
"San Mateo County, California",763188,756778,34804,7.57100478519054,64.4030042401086,62.4392679130175,15.300161952232,24.0385068947625,38.3892304386337,2.24282876565145,"white"
"Santa Barbara County, California",438160,423052,47293,9.98425232791674,52.5623060069381,59.8057787109732,15.8097498630637,46.4031404053314,43.4008124885886,2.02642870184407,"white"
"Santa Clara County, California",1917171,1889285,88766,8.34740354407614,64.68948257615,63.5374205013533,18.4356012061522,24.9026821290328,30.4065730182649,2.5433307722681,"white"
"Solano County, California",434906,433243,20574,11.6967804537072,59.6584089435418,59.6404740334693,8.15992421350821,27.4562779083296,37.1990729031101,13.126284760385,"white"
"Stanislaus County, California",548012,545624,36160,12.9966132128494,61.7630635825493,58.594519828033,10.3067086122202,47.7102691181945,40.1463836558324,2.97967927709612,"white"
"Ventura County, California",838846,830631,78828,10.8247520999087,64.3278980885645,59.8492452726722,10.2927116538673,43.3506269327147,44.5051892719283,1.73524103351509,"white"
"Adams County, Colorado",513712,513064,52794,10.309667673716,64.7423069735572,61.8414598062728,7.89839443112094,40.8933410159778,48.884199707229,3.57554427383437,"white"
"Arapahoe County, Colorado",648414,647731,57260,9.66018623903864,61.8362651022341,62.2665457562607,8.04779045486371,19.6024453512725,59.2761723220042,11.1108026661978,"white"
"Boulder County, Colorado",324094,313860,17413,8.50771689694965,57.2759754885928,64.2168630088801,5.87638154362623,13.919418440329,77.1516905589119,1.20242892494153,"white"
"Denver County, Colorado",720746,712356,61600,9.035499329861,47.6862861535132,67.9959375424907,6.8594206558205,29.2971449026425,54.7189994810932,8.63993695421133,"white"
"El Paso County, Colorado",689764,684789,56828,11.8124459960218,65.1882382959969,60.1955161475519,2.66554937630842,17.5636884499626,68.9316925789111,6.04482112722612,"white"
"Pueblo County, Colorado",165345,164401,11993,18.8188333484532,54.7267833923009,57.2354773352687,1.99945568357072,43.4787867791587,51.5213644198494,2.42281290634733,"white"
"Fairfield County, Connecticut",935374,925052,85243,10.4983674979206,64.1377673529519,60.2240387267553,11.2776279862387,20.5298629211417,60.6275137004022,12.0418142903267,"white"
"Hartford County, Connecticut",878734,866230,37722,12.0084121019558,55.9978332464659,60.4515131996713,6.23601681509991,18.7220478552099,59.5265461447947,13.3315656387485,"white"
"New Haven County, Connecticut",845211,826138,49554,12.7348082313174,53.3079905491055,61.0828538672592,6.08262315563806,19.1949702500322,61.5788246958452,14.260344458366,"white"
"New London County, Connecticut",253080,249623,11600,13.3301722775407,60.8993203730046,59.9431009957326,4.83562509878299,10.457957957958,75.4164691006796,6.30709657025447,"white"
"Kent County, Delaware",175792,172373,15744,16.869368344407,56.7972376444889,57.2722308182397,3.06783016291981,7.30408664785656,60.1563211067625,25.8965140620734,"white"
"New Castle County, Delaware",549506,540220,28647,12.5208823925489,55.7442502902607,61.0066132125946,6.11003337543175,10.4772286380858,56.1318711715614,25.4272018867856,"white"
"Sussex County, Delaware",231080,230727,18379,14.5032023541631,62.7670070971092,51.6362298770988,4.35563441232474,9.35000865501125,74.8381512895967,12.1308637701229,"white"
"District of Columbia, District of Columbia",696599,664995,24506,11.2565478847946,34.5646491022812,67.9027675893879,6.23213642282002,11.321003906121,37.3849230331941,45.2563095841366,"white"
"Alachua County, Florida",266549,254157,23467,11.5862374272648,46.5100225474491,64.720182780652,5.8484556310472,10.5211424541079,60.3720141512442,18.8374370190847,"white"
"Bay County, Florida",170632,170437,21446,18.7538093675278,58.0811336677763,59.7742510197384,2.85702564583431,6.66229077781424,75.9382765249191,9.67930985981527,"white"
"Brevard County, Florida",596398,593949,63185,15.9360024681505,59.7996639827766,56.3031733842166,2.6720411537262,10.9182123347161,73.5798912806549,8.79295369870456,"white"
"Broward County, Florida",1941114,1934263,297833,11.1528225544713,51.8409531846146,60.6540883224787,13.570145802874,31.1375838822449,34.4983859783609,28.7492645975455,"white"
"Charlotte County, Florida",186002,185769,20280,24.3911355791873,61.2267610025699,46.0909022483629,4.12199868818615,7.71873420715906,84.1458693992538,4.95639831829765,"white"
"Citrus County, Florida",147448,147090,17476,23.5710216483099,60.554907492811,47.5415061581032,1.41473604253703,6.09299549671749,87.4138679398839,3.10346698497097,"white"
"Clay County, Florida",216402,216151,20879,12.4670751656639,66.3866322862081,59.1408582175765,1.75876378222013,10.5003650613211,71.5011876045508,12.1782608293824,"white"
"Collier County, Florida",383332,381081,50365,12.409347510774,66.7361451692006,49.073909822295,12.4294345371636,28.6279256623501,62.1774336606388,6.71950163304916,"white"
"Duval County, Florida",933533,923873,118408,12.4341614061849,51.2728527004402,61.1659148632132,5.13350893862349,10.4233058713511,51.7557493950401,29.8191922513719,"white"
"Escambia County, Florida",301231,294380,38350,17.3046598789633,47.6640850377285,59.4513844856605,2.65709704512484,5.67737052295414,64.1720141685285,22.116581626725,"white"
"Flagler County, Florida",114318,114190,15121,13.1396630451897,66.2450357773929,50.9071187389562,3.54274917335853,10.936160534649,74.2533984149478,8.83850312286779,"white"
"Hernando County, Florida",192009,191792,22599,21.8125192048289,60.6867386424595,52.730861574197,1.62961111197913,14.9586738121651,76.0037289918702,5.54296933997886,"white"
"Highlands County, Florida",104995,104356,12176,19.7866565074527,58.4665936473165,46.8060383827801,5.41073384446878,21.1629125196438,65.9717129387114,11.0262393447307,"white"
"Hillsborough County, Florida",1459415,1445632,190933,11.6426102239596,53.4063991393812,61.8867834029388,9.69525460544122,29.8177009281116,47.2814792228393,17.2127187948596,"white"
"Indian River County, Florida",158335,157956,20930,13.9331164935106,60.7679919158746,48.6815928253387,7.35150156314144,12.7186029620741,74.8110019894527,9.64853001547352,"white"
"Lake County, Florida",363745,363283,40428,17.0421586551018,60.3967064839379,52.7308966446274,4.68817440789564,16.7672407868149,68.1507649589685,10.4974638826651,"white"
"Lee County, Florida",765673,759872,93332,14.7621765427278,59.0053456240458,52.3745776591312,7.34060101374869,22.5619814202669,66.0535241545673,8.50885430203233,"white"
"Leon County, Florida",289917,277210,26916,10.5136987482624,41.3459714332033,64.5129468089143,3.97251627189851,6.67673851481631,55.9874032912868,31.2189350745213,"white"
"Manatee County, Florida",400114,398839,49298,14.0240031590997,59.2966004688664,52.5125339278306,5.96180088674728,16.9381726208031,70.3184592391168,8.89771415146683,"white"
"Marion County, Florida",356778,355976,44765,16.5615592889696,61.0051628743925,50.4481778585002,2.22883697985862,14.2166837641334,69.8425911911609,12.6742680322217,"white"
"Miami-Dade County, Florida",2696151,2673289,438779,10.1481333946059,53.3825071370261,61.9740511566303,22.0292186899028,69.6144985944778,12.717982041807,16.6482515259717,"white"
"Monroe County, Florida",71680,71002,14641,9.912109375,56.015625,60.01953125,8.076171875,25.2776227678571,65.3864397321428,8.06501116071429,"white"
"Okaloosa County, Florida",197374,196783,26718,16.2427675377709,59.6081550761498,57.8754040552454,4.44030115415404,9.42221366542706,73.6125325524132,7.5025079291092,"white"
"Orange County, Florida",1382152,1362707,185446,11.4348494232183,54.1484583461153,64.2958950969213,10.6598984771574,32.7631114378158,38.7631027557027,21.1324080130116,"white"
"Osceola County, Florida",374298,373979,49904,13.1884220594286,57.4432671293996,61.3871834741302,12.6690497945487,55.9014475097382,29.8000523646934,12.0361316384271,"white"
"Palm Beach County, Florida",1483317,1474323,206580,12.6581169096019,54.9759087234893,55.4353519847747,12.2329886329085,23.4501458555386,53.23770980849,18.8232859193281,"white"
"Pasco County, Florida",548036,546152,70625,16.5996394397448,60.2998708114065,56.1180287426373,3.54155566422644,16.5748235517375,72.6393886533002,6.04796035296951,"white"
"Pinellas County, Florida",962616,953704,110180,15.7237153756015,51.7372451735687,57.979609730152,4.66291854695953,10.2620359520307,73.417645250027,9.99765223100385,"white"
"Polk County, Florida",716526,711438,99373,14.7729461317524,54.7921499010503,55.8752927318757,4.60527601231498,24.6769831101733,56.6987101654371,15.0911481230269,"white"
"Putnam County, Florida",73528,73282,11831,15.4458165596779,50.7874551191383,54.4228049178544,3.21918180829072,10.3321183766728,71.497932760309,16.0442280491785,"white"
"St. Johns County, Florida",263093,261360,22308,10.7676753087311,69.1344885648801,56.3257099200663,2.37254506961417,7.47340294116529,81.6578168176272,5.65921556255773,"white"
"St. Lucie County, Florida",325322,324529,46497,15.4262546031317,59.2646670068425,55.0838861189836,6.98415723498565,19.9651422283153,55.8289940428253,19.4315170815377,"white"
"Sarasota County, Florida",429861,427754,46148,16.0256454993591,59.8816826834721,48.2179123018836,4.64592042543985,9.58961152558618,82.6306643310279,4.23974261447305,"white"
"Seminole County, Florida",468681,467738,42689,11.7043362116237,61.9777631267323,62.0020867071633,6.09263016849414,22.4306084522308,58.3908884721164,12.5761445418099,"white"
"Volusia County, Florida",547881,542144,72103,18.1021061142839,56.6186817940392,56.5664806773734,2.7666591832898,15.0751714332127,70.54323840396,10.5486410370135,"white"
"Barrow County, Georgia",83109,83022,11469,18.3445836191026,69.132103622953,60.7551528715302,2.37158430494892,12.1972349565029,69.2993538605927,12.1430891961159,"white"
"Bartow County, Georgia",106636,106596,16820,13.4185453317829,64.6723432986984,59.3805093964515,3.33283318954199,9.14606699426085,77.2150118158971,10.4720732210511,"white"
"Bibb County, Georgia",150140,146949,19423,16.8249633675236,43.7425069934728,57.4703609964034,1.99080857865992,3.43679232716132,37.672838683895,54.1234847475689,"white"
"Carroll County, Georgia",118835,116516,18340,14.1978373374847,57.1700256658392,61.6392476963857,3.54356881390163,7.21757058105777,69.603231371229,20.4215929650356,"white"
"Chatham County, Georgia",280329,274055,44173,14.9870330932583,46.3237838397026,60.4685922612359,3.30076445890365,6.78666852162994,47.4578085035797,40.7674553827824,"white"
"Cherokee County, Georgia",257624,257012,31674,10.2032419339813,74.2943204049312,59.5274508586157,5.07367326025526,11.076995932056,77.0782225258516,7.54820979411856,"white"
"Clarke County, Georgia",127623,115918,16243,13.0760129443752,35.7020286312028,67.6139880742499,5.78579096244407,11.0536502041168,54.6868511161781,28.1665530507824,"white"
"Clayton County, Georgia",288139,286956,54503,10.5692044464651,44.0041091278862,60.7394347866828,7.37803629498263,13.4164413703109,8.96234109232003,69.778822026869,"white"
"Cobb County, Georgia",755074,748614,97012,9.38795402834689,59.8575768732601,62.5611529465986,8.79940244267449,13.341871127863,50.688409347958,27.9172637383886,"white"
"Columbia County, Georgia",155016,154881,13877,11.7678175156113,68.7677401042473,58.8184445476596,1.53339010166692,7.09733188832121,67.2678949269753,16.6402177839707,"white"
"Coweta County, Georgia",147837,147837,12613,12.28582831091,64.7145166636228,59.4424940982298,2.03805542590826,7.32698850761312,70.3578941672247,18.571129013711,"white"
"DeKalb County, Georgia",752968,745503,107654,9.77252685373084,47.1618979823844,62.9981619404809,8.93118963886912,8.58681909456976,29.2031002645531,53.8346915141148,"white"
"Douglas County, Georgia",145246,145102,16561,9.74828910951076,56.7692053481679,59.7930407722071,4.11164507112072,10.2887514974595,37.3311485342109,47.9951255112017,"white"
"Fayette County, Georgia",113692,113670,9386,11.7624810892587,73.6885620800056,56.6856067269465,5.27653660767688,7.46578475178553,60.6445484290891,24.4115680962601,"white"
"Floyd County, Georgia",96115,93942,14273,16.573895853925,62.2379441294283,57.4738594392134,4.6662851792124,11.8139728450294,70.4551838942933,12.819018883629,"white"
"Forsyth County, Georgia",243565,243395,19671,7.11144868926159,80.5049986656539,59.0655471845298,10.5245006466446,9.69186870034693,68.7385297559173,3.83716872292817,"white"
"Fulton County, Georgia",1053583,1026517,92787,9.73933710016202,47.1426551111778,64.9391647359534,6.52620628844619,7.23512053630326,39.4753901685961,44.2348633187893,"white"
"Glynn County, Georgia",84337,83771,13138,12.917224942789,58.0290975491184,56.8125496519914,1.93865088869654,6.89377141705301,63.5177917165657,27.5893142985878,"white"
"Gwinnett County, Georgia",930955,930226,154298,6.84673265625084,68.4018024501721,61.5469061340237,14.3427985240962,21.8114731646535,35.1097528881632,28.3457309966647,"white"
"Hall County, Georgia",203309,202456,37478,13.2374857974807,68.374739927893,58.7686723165231,10.8799905562469,29.1885750261917,60.0725988519938,6.54127461155187,"white"
"Henry County, Georgia",233110,233039,21372,8.87091930848097,61.1110634464416,61.5065848740938,2.54000257389215,7.24164557505041,40.0493329329501,47.8121916691691,"white"
"Houston County, Georgia",152785,152691,18767,13.755277023268,61.6585397781196,60.1387570769382,3.9120332493373,6.50914684033118,54.1453676735282,31.8696207088392,"white"
"Jackson County, Georgia",72171,71996,8455,16.2849343919303,73.023790719264,57.7461861412479,2.37214393592994,8.52558506879495,79.6067672610883,7.1219742001635,"white"
"Lowndes County, Georgia",111889,110672,20183,10.1690067835087,49.6643995388287,59.7038136009795,1.52561914039807,5.96752138279902,51.9488064063491,37.9456425564622,"white"
"Muscogee County, Georgia",186163,184123,19524,18.5455756514452,48.4258418697593,58.1485042677653,2.62082153811445,7.29790559885692,38.997007998367,47.5937753474106,"white"
"Paulding County, Georgia",167725,167705,22789,10.4945595468773,71.9272618870174,62.1278879117603,3.10389029661649,7.09852437024892,68.471605306305,18.3031748397675,"white"
"Richmond County, Georgia",190929,188938,20969,17.9171314991437,40.590481278381,58.6553116603554,1.67444442698595,4.50062588710987,32.5419396739102,58.0351858544276,"white"
"Rockdale County, Georgia",90120,90027,13956,12.8883710608078,58.2944962272526,58.6440301819796,4.63715046604527,10.5625832223702,28.8570794496227,56.080781180648,"white"
"Spalding County, Georgia",65349,65160,9166,15.6697118548103,47.5202374940703,55.8080460297786,2.65803608318413,4.99778114431743,57.32910985631,35.9378108310762,"white"
"Walton County, Georgia",93641,93620,12892,15.5743744727203,62.235559210175,58.7766042652257,2.1550389252571,4.86218643542893,73.1837549791224,18.1213357396867,"white"
"Whitfield County, Georgia",103726,102942,16899,10.1681352794863,58.8030002120973,58.1802055415229,13.5703680851474,36.5829203864026,57.0541619266143,3.32607060910476,"white"
"Honolulu County, Hawaii",921235,905740,33507,11.5894424332554,61.3054215265377,57.6473972439171,8.04789223162385,9.4472094525284,16.09773836209,1.82852366659973,"white"
"Ada County, Idaho",472729,470140,41175,10.7101531744403,64.998550966833,60.0822035457947,2.91181628374819,8.34029644891682,84.3225188215658,1.40334102625394,"white"
"Champaign County, Illinois",208107,194293,8999,10.0717419404441,42.5483044779849,64.0977958454065,7.03051795470599,6.24053972235437,66.2538982350426,13.4526950078565,"white"
"Cook County, Illinois",5103391,5056324,483994,10.6505262873254,53.0122030626303,62.2602109068265,9.88156698164025,25.7487619506324,41.8720807400413,22.8714789832878,"white"
"DuPage County, Illinois",916698,909713,48337,7.98703607949401,69.9849896039917,60.1697614699716,8.08183283916841,14.646372087645,65.8643304556135,4.80267219956845,"white"
"Kane County, Illinois",528639,526602,41640,9.93513531918757,67.2071110909335,59.238346016847,7.38632601832252,32.4817124729731,56.1458764866005,5.56277535331294,"white"
"Kankakee County, Illinois",107935,104210,5436,11.7552230509103,54.8163246398295,58.9660443785612,2.66178718673276,10.9093435864178,71.6375596423774,15.4870987168203,"white"
"Kendall County, Illinois",128701,128657,7720,7.0116005314644,74.951243580081,58.701952587781,3.83835401434332,20.0270394169431,67.4656762573717,8.11260207768393,"white"
"Lake County, Illinois",678831,674242,48709,9.90806253692009,69.9677828502234,59.1932307157452,8.60376146640327,22.4874821568255,60.3842488041943,6.44048371391407,"white"
"McLean County, Illinois",170263,161619,8230,9.27330071712586,57.3172092586176,62.6448494388094,3.61440829775113,5.19020574053083,79.2979097043985,8.00937373357688,"white"
"Madison County, Illinois",260187,257351,13408,16.0138669495401,61.128342307648,59.5698478402072,0.492338202907909,3.47250246937779,84.562257145822,8.25137305092107,"white"
"Peoria County, Illinois",177051,173766,12087,11.833313565018,54.0957125348064,58.031301715325,2.4795115531683,5.11547520206042,69.1975758397298,18.3907461691829,"white"
"Rock Island County, Illinois",138697,136391,8749,13.3521272990764,56.1295485843241,56.5967540754306,5.32527740326034,13.2064860811697,71.6086144617403,9.99877430658197,"white"
"St. Clair County, Illinois",252010,251384,17226,14.712114598627,53.5895400976152,58.4087933018531,1.44478393714535,4.31570175786675,61.5983492718543,28.9643268124281,"white"
"Sangamon County, Illinois",192731,190390,9057,14.7008005977243,51.8790438486803,58.2184495488531,1.25148523071016,2.44693380929897,79.7858154630028,12.989607276463,"white"
"Will County, Illinois",683519,681248,40058,9.10289253115129,69.6102083482683,60.6309407638998,5.16503564641217,18.2343138961755,62.697452448286,11.166331879582,"white"
"Winnebago County, Illinois",279510,278247,16139,13.6925333619549,55.2617079889807,57.7346069908053,3.99162820650424,13.5869915208758,67.5929304854925,13.6911022861436,"white"
"Allen County, Indiana",375582,373185,31081,13.1116507180855,60.1879216788877,58.6492430414663,4.35324376567567,7.78897817254288,72.8006134479288,11.1610780069332,"white"
"Elkhart County, Indiana",203603,202692,32032,11.4335250462911,64.0904112414847,56.1381708520994,5.22683850434424,16.8229348290546,73.893803136496,6.1064915546431,"white"
"Hamilton County, Indiana",336779,336606,14411,7.72672880434944,76.9222546536453,58.7943428776735,3.25762592085611,4.28975678412253,82.6645960704201,4.34676746471722,"white"
"Lake County, Indiana",481752,479661,37901,13.0797588800877,54.40890748767,58.5544014347631,3.0700443381657,19.6491140669888,53.7905395307129,23.511059632342,"white"
"LaPorte County, Indiana",102217,101844,8020,13.0565365839342,53.5899116585304,57.6039210698807,1.0497275404287,6.9098095228778,80.2439907256132,9.26949528943326,"white"
"Madison County, Indiana",124326,122970,12265,20.2499879349452,56.4145874555604,57.2985538021009,1.42126345253607,4.14153113588469,85.6305197625597,7.40553062110902,"white"
"Marion County, Indiana",954809,948166,102360,13.0578995380228,47.8215014730695,61.5394283045091,6.06959088152709,10.978111852737,53.8129615451886,28.5746154466495,"white"
"Porter County, Indiana",168929,166503,10559,10.7696132694801,65.2368746633201,60.4212420602738,1.47813578485636,10.4653434283042,82.2623705817237,4.19821345062127,"white"
"St. Joseph County, Indiana",269290,258742,21010,15.2267072672583,55.0581157859557,59.4418656467006,4.53006052954064,9.21385866537933,71.1704853503658,12.8244643321326,"white"
"Tippecanoe County, Indiana",193954,178455,12648,8.07150149004403,48.8584922198047,63.7790403910205,8.81961702259299,8.69690751415284,74.5563381007868,5.77611186157543,"white"
"Vanderburgh County, Indiana",178733,174386,16381,13.3338555275187,56.0456099321334,60.0364789938064,2.15125354579177,2.86181063373859,83.0009007849698,9.605389043993,"white"
"Vigo County, Indiana",103036,98459,7455,15.1801312162739,49.8738305058426,60.5380643658527,1.94980395201677,2.5389184362747,86.4008695989751,6.13474901976008,"white"
"Black Hawk County, Iowa",130081,126726,4511,14.7308215650249,55.214827684289,59.7604569460567,4.29501618222492,4.6301919573189,80.5244424627732,9.73931627216888,"white"
"Linn County, Iowa",224909,221819,9811,10.4713461889031,58.8362404350204,59.9251252728881,2.85270931799083,3.34135139100703,84.5799856830985,5.58670395582213,"white"
"Polk County, Iowa",485523,481064,24178,11.3399365220597,58.3305013356731,60.551817318644,5.21808441618626,8.61256830263448,77.0713230887105,7.68367307007083,"white"
"Pottawattamie County, Iowa",92340,91146,5964,14.6686159844055,56.1046133853151,57.9034004764999,1.51505306476067,7.91856183669049,87.4106562703054,2.00021659085987,"white"
"Scott County, Iowa",171246,169339,9617,11.6738493161884,60.7430246545905,58.9304275720309,1.4429534120505,7.02322973967275,79.5090104294407,7.60076147764035,"white"
"Johnson County, Kansas",597755,596779,36471,9.19005278082157,68.2637535445124,59.8025947085344,4.70259554499753,7.85639601508979,79.3957390569715,4.77854639442581,"white"
"Sedgwick County, Kansas",508765,507022,54616,14.8141086749285,60.0817666309593,58.1673267618645,4.55396892474915,14.92398258528,67.4729983391153,8.5218126246892,"white"
"Shawnee County, Kansas",173236,171343,11182,12.8033434159182,61.1749289985915,57.2571520930984,1.66824447574407,12.8795400494124,73.853009767023,8.98138954951627,"white"
"Wyandotte County, Kansas",164231,163935,30356,13.8475683640726,54.2839049874871,58.7994958320902,14.7347333938172,29.9109181579604,40.1739013949863,22.0244655393927,"white"
"Fayette County, Kentucky",318746,310647,24137,12.0600729107189,50.6484787260075,63.5788370677593,6.30313792173078,7.45797594322752,70.5386106806046,14.8055191280832,"white"
"Hardin County, Kentucky",106286,106176,5460,17.2779105432512,61.5781946822724,58.7010518788928,1.62768379654893,5.75616732213085,75.9817849952016,11.6986244660633,"white"
"Jefferson County, Kentucky",758744,750313,44996,14.9092447518531,53.7052022816655,60.3353700325802,5.04175321320498,5.94152968590196,66.5017449890872,22.3976729964257,"white"
"Kenton County, Kentucky",165846,164712,9421,13.0651327134812,57.9314544818687,60.6460210074406,2.40041966643754,3.40798089794146,88.2095437936399,3.98562521857627,"white"
"Warren County, Kentucky",131663,125740,9138,13.8049414034315,56.7349976834798,61.8640012759849,7.49413274800058,5.65003076035029,77.443169303449,8.67138072199479,"white"
"Ascension Parish, Louisiana",125700,125608,7877,12.5107398568019,69.1949085123309,59.3237867939539,1.62291169451074,5.97852028639618,67.4653937947494,24.2895783611774,"white"
"Bossier Parish, Louisiana",120369,120140,14191,11.2088660701676,55.7053726457809,57.2938214988909,2.89692528807251,7.06494197010858,65.5675464612982,23.2850650915103,"white"
"Caddo Parish, Louisiana",234809,233609,20678,17.347290776759,46.6839005319217,57.5109983007466,0.891362767185244,2.93302215843515,43.9101567657117,50.1509737701707,"white"
"Calcasieu Parish, Louisiana",201255,199928,16192,13.3253832202927,55.7779930933393,57.5399368959777,1.58555066954858,4.05952647139202,66.8351096867159,24.8232342053614,"white"
"East Baton Rouge Parish, Louisiana",437363,430255,45632,15.7555623132272,46.4351122522939,60.6962637443039,4.03440620262802,4.40435061950828,43.8999183744395,47.0586217855649,"white"
"Jefferson Parish, Louisiana",429014,428503,47230,15.2451901336553,51.59878232412,59.3626315225144,7.28834024064483,14.9757350575972,51.8106635214702,27.0077433370473,"white"
"Lafayette Parish, Louisiana",242029,238944,16599,11.5436579913977,54.9190386276025,61.7339244470704,2.73768845882105,4.61308355610278,65.3512595598048,26.6071421193328,"white"
"Lafourche Parish, Louisiana",96620,95422,8605,19.7940385013455,59.121299937901,59.1202649554958,1.76774994825088,4.4173049058166,76.9095425377769,14.1637342165183,"white"
"Livingston Parish, Louisiana",139918,139829,12187,14.3212453008191,58.1168970396947,59.2804356837576,1.21785617290127,4.08739404508355,86.8780285595849,6.46235652310639,"white"
"Orleans Parish, Louisiana",386840,378314,33217,13.7982111467273,34.7115086340606,63.6138972184883,3.07879226553614,5.54570365008789,30.6289421983249,58.8610278151174,"white"
"Ouachita Parish, Louisiana",147735,145347,13166,13.2893356347514,47.6055098656378,57.3141097234914,1.10468067824145,2.09970555386334,57.3262937015602,37.0826141401834,"white"
"Rapides Parish, Louisiana",126665,124969,12567,15.8812615955473,48.6053763865314,56.5420597639443,1.73686495874946,3.24793747286148,61.1558046816405,31.5288359057356,"white"
"St. Tammany Parish, Louisiana",257277,256926,20403,18.9581657124422,63.0938638121558,57.089051877937,2.07480653148163,5.83495609790226,78.1791609821321,12.8736731227432,"white"
"Tangipahoa Parish, Louisiana",133399,130781,11993,19.9416787232288,54.7065570206673,58.5416682283975,1.35383323713071,4.45430625416982,62.862540198952,30.2498519479157,"white"
"Cumberland County, Maine",291147,285319,14413,11.7377132513816,60.2812325045424,61.5376424967456,3.1211037723212,2.0477628139737,89.9964622682013,3.43366065939199,"white"
"Anne Arundel County, Maryland",553576,552127,20195,11.3568868592569,67.263573565328,60.0786522537104,3.70193071953986,8.3182796942064,66.6280691359452,17.3047603219793,"white"
"Baltimore County, Maryland",819674,806454,47158,11.7644331770924,55.7047069932681,59.7681517286141,5.67676905696655,5.83988268506748,55.6193071879796,29.9021318231394,"white"
"Frederick County, Maryland",257125,254331,11170,10.009528439475,67.5484686436558,60.3122994652406,4.75683033543996,10.623237724842,71.5395235780262,10.369275644142,"white"
"Harford County, Maryland",253488,253203,7915,11.3066496244398,69.4557533295462,59.9602348040144,0.982295019882598,4.80219970965095,75.0603578867639,14.1442592943256,"white"
"Howard County, Maryland",322252,321165,14607,8.34750443752095,71.6237602869804,59.7997840199595,8.51104104862033,7.38366247532987,49.6834775269044,19.5576753596564,"white"
"Montgomery County, Maryland",1040748,1038295,78204,8.24906701718379,66.1158128576754,59.6444095977124,14.8484551495655,20.1409947460865,42.6096422957335,18.903423307083,"white"
"Prince George's County, Maryland",902118,887763,88784,9.59198242358539,49.8010238128493,62.3501581832975,13.8144899004343,19.6321323817948,11.960408727018,61.8055509367954,"white"
"Washington County, Maryland",143166,142425,7482,16.1120657139265,60.238464439881,58.4377575681377,3.29337971306036,5.65148149700348,79.8688236033695,9.54765796348295,"white"
"Wicomico County, Maryland",102198,99121,7073,13.53451143858,46.1555020646197,60.4503023542535,6.66451398266111,5.61948374723576,61.9601166363334,25.7275093446056,"white"
"Baltimore city, Maryland",584579,568284,33941,16.4981978483661,30.9557818532653,63.6967800759179,4.1123612035328,5.71077647332525,27.3596896227884,62.4962579907934,"white"
"Barnstable County, Massachusetts",210490,209509,6077,13.7255926647347,63.8244097106751,52.3421540215687,3.09943465247755,3.36453038149081,88.7077770915483,3.1298398973823,"white"
"Berkshire County, Massachusetts",122886,118231,3565,14.2123594225542,54.9281447845971,57.9740572563189,1.80573865208405,4.88176033071302,87.7309050664844,2.9759289097212,"white"
"Bristol County, Massachusetts",559506,549946,16920,12.8751076842786,57.3141306795638,61.2054204959375,4.97188591364525,8.60223125399906,80.2522224962735,4.96026852258957,"white"
"Essex County, Massachusetts",782004,770781,24367,11.9468698369829,58.8711822445921,60.2627352289758,8.8714379977596,22.2937478580672,68.5607746251937,4.50867258991003,"white"
"Hampden County, Massachusetts",460654,451063,16231,15.1391282828327,48.3490862990444,59.8683610692624,2.28609759168487,26.4502207730748,61.2550851615312,8.9058165130445,"white"
"Middlesex County, Massachusetts",1597489,1553655,43878,9.42860952407184,62.5268781193486,63.5796553215703,10.7300895342628,8.24957167154203,70.4615806431218,5.34382396373308,"white"
"Norfolk County, Massachusetts",699017,688666,11938,9.55799358241645,67.2720405941486,60.8401512409569,7.45618489965194,4.92577433739094,73.3402764167395,7.08995632438124,"white"
"Plymouth County, Massachusetts",513995,509178,13040,11.6051712565297,65.3424644208601,58.7104932927363,3.23388359808948,4.13856165916011,79.7513594490219,11.3892158484032,"white"
"Suffolk County, Massachusetts",797738,755998,35061,11.7680240881091,37.3608879105671,69.9756060260386,14.6787541774367,23.3626829861433,44.3944001664707,22.2917800079725,"white"
"Worcester County, Massachusetts",819568,800344,23765,11.9767975323585,61.145261894071,61.9460496261445,6.43717177830271,12.1112586142944,74.8335708568417,4.91588251371454,"white"
"Berrien County, Michigan",152351,150026,11491,14.9149004601217,57.6989977092372,56.4065874198397,2.8329318481664,5.79517036317451,74.8541197629159,14.3320358908048,"white"
"Calhoun County, Michigan",132529,130070,8005,13.621169706253,53.4335881203359,57.8250797938564,1.97088939024666,5.40862754566925,77.2600713806035,10.346414746961,"white"
"Eaton County, Michigan",109558,108396,5662,16.7080450537615,62.7366326511985,58.5187754431443,1.84742328264481,5.68739845561255,82.2760546924917,7.40155899158437,"white"
"Genesee County, Michigan",403598,400483,21466,19.2609973290254,52.1333108687357,58.5295269054852,0.925673566271389,3.590206096165,72.2852937824271,20.0422202290398,"white"
"Ingham County, Michigan",290784,273051,16815,11.8600060526026,46.3144464619787,63.1128260151865,6.15405249257181,8.04067624078354,69.0192720369759,12.4673297017718,"white"
"Jackson County, Michigan",150450,148807,9094,15.4390162844799,53.0189431704885,56.8939847125291,1.00365569956796,3.49551345962114,85.9966766367564,5.26354270521768,"white"
"Kalamazoo County, Michigan",262963,257440,14922,13.2178291242494,55.7511893308184,61.9068081821397,4.06140787867495,5.1737316656716,76.9758483132608,11.574632172587,"white"
"Kent County, Michigan",652023,645044,39160,10.5752404439721,59.7455917966084,60.9499971626768,4.60167816165994,10.8583592910066,73.2380606205609,9.17498309108728,"white"
"Macomb County, Michigan",867342,864893,50147,13.8317987598894,61.3755588914177,60.6415923591847,3.69692693308983,2.7745687398973,78.0671292293006,11.4764418187981,"white"
"Monroe County, Michigan",149614,148892,6088,14.1270201986445,64.9491357760637,59.1368454823746,0.975844506530137,3.76034328338257,91.0101995802532,2.12747470156536,"white"
"Muskegon County, Michigan",169341,167458,9868,15.5615001682995,54.3595467134362,58.0036730620464,0.832639467110741,5.89461500758824,77.2506362900892,12.4157764510662,"white"
"Oakland County, Michigan",1250296,1244686,57024,11.5791780506376,63.3264442979902,60.9622041500573,6.36761214944301,4.35936770172823,71.5176246264885,13.4086648281687,"white"
"Saginaw County, Michigan",187248,183978,7099,18.5449243783645,55.0312953943433,57.664167307528,0.919101939673588,8.62439118174827,69.2974023754593,18.3029992309664,"white"
"St. Clair County, Michigan",157762,157284,7032,16.6770198146575,63.6541118900622,58.812641827563,1.12574637745465,3.46598040085699,91.0352302835917,2.94050531813745,"white"
"Van Buren County, Michigan",74924,74042,5656,15.0672681650739,64.9538198708024,56.6160375847526,3.09513640489029,11.7105333404517,80.9220009609738,3.21926218568149,"white"
"Washtenaw County, Michigan",362451,346086,13372,9.89457885341743,54.9437027349904,64.1115626664018,7.26746511942304,4.92094103754714,70.0108428449639,11.7930423698652,"white"
"Wayne County, Michigan",1737393,1726899,110489,15.4799748819064,47.5091127914064,59.532069025258,3.65386530278411,6.17344492581701,49.3119864072205,38.4710310217665,"white"
"Anoka County, Minnesota",354328,353499,14609,10.1617710144273,66.0673161590391,60.1019394459371,3.15780858413673,4.87711950509133,79.6112641394414,7.16567699984195,"white"
"Dakota County, Minnesota",427137,425932,16000,8.74754469877346,64.9531649096192,59.6314531403273,4.47163322306426,7.58164242385932,76.663459264826,7.24638699059084,"white"
"Hennepin County, Minnesota",1257416,1240309,59894,10.0991239176215,56.879346214777,62.6059315294222,5.83378929487139,7.014464584513,68.2536248942275,13.0279080272559,"white"
"Olmsted County, Minnesota",156448,155613,8253,9.39801084066271,65.6403405604418,58.4769380241358,5.27651360196359,5.20492431990182,79.0288146860299,6.12407956637349,"white"
"Ramsey County, Minnesota",546336,535453,31490,12.4531423885667,53.0274409886956,60.5537617876179,7.37787735020207,7.56640602120307,60.827036841797,12.467053241961,"white"
"DeSoto County, Mississippi",183617,183574,15283,11.0507197046025,58.9809222457616,60.0282108955053,1.46772902291182,5.12752087225039,61.96866303229,30.0936187825746,"white"
"Harrison County, Mississippi",199029,198880,28036,19.0836511262178,55.0251470891177,57.7594219937798,1.63795225821363,5.47256932406835,63.5007963663587,24.9074255510503,"white"
"Hinds County, Mississippi",229815,223087,33015,14.1383286556578,45.6741291908709,59.8307334160085,1.16484998803385,1.57213410786937,23.5907142701738,73.0400539564432,"white"
"Jackson County, Mississippi",141798,141707,16743,19.8810984640122,55.408397861747,58.1700729206336,2.23345886401783,6.8809151045854,67.4353658020565,20.509457115051,"white"
"Boone County, Missouri",179178,171384,12803,12.6181785710299,48.7007333489602,66.0867963700901,5.49509426380471,3.55344964225519,78.2434227416312,8.03949145542422,"white"
"Clay County, Missouri",248594,247347,20553,12.3615211952018,61.3120187936957,60.1064386107468,1.97913063066687,7.09389607150615,80.0715222410839,5.79338198025697,"white"
"Cole County, Missouri",71491,70564,6942,13.7010253038844,64.1647200346897,57.735938789498,2.77937082989467,2.4744373417633,83.0566085241499,11.1174833195787,"white"
"Greene County, Missouri",288798,280953,39398,15.879957617435,52.9598542926198,61.3684997818544,1.58588355875041,3.95362848773191,87.0421540315376,3.32239142930353,"white"
"Jackson County, Missouri",695889,690547,81454,13.3134738442482,53.7809909338989,60.3304550007257,3.31029805040746,9.32332599020821,61.8459265773708,22.9497807840043,"white"
"Platte County, Missouri",103205,102883,7513,14.9479191899617,64.7643040550361,59.9874037110605,1.3332687369798,6.3398091177753,80.2034785136379,7.76803449445279,"white"
"St. Charles County, Missouri",399962,394770,19351,10.2167205884559,71.4620388936949,60.1792170256174,2.08494807006666,3.38282136802996,86.5727244088188,4.89796530670414,"white"
"St. Louis County, Missouri",982606,975072,57922,11.8441165635056,57.5323171240558,58.6603379177412,3.00354363804007,3.03407469524916,65.1438114564739,24.2589603564399,"white"
"St. Louis city, Missouri",296219,290204,31110,16.5850266188192,37.3568204605376,66.0096077564235,4.53583328550836,4.20837285926966,44.5957214088225,45.0285093123669,"white"
"Douglas County, Nebraska",564394,557491,54186,10.6718001963168,59.7818190838315,59.7456741212699,6.51973621264578,12.932986530686,68.8846798513096,11.1168793431539,"white"
"Lancaster County, Nebraska",314326,305104,23330,10.4041663750374,58.7861010543194,61.0321767846122,4.22141343700489,7.18044323409454,80.8313661612466,3.82405528018681,"white"
"Sarpy County, Nebraska",181729,181538,8946,11.06262621816,71.1322903884355,58.7435136934666,2.10478239576512,10.0721403848588,80.0802293524974,3.82712720589449,"white"
"Clark County, Nevada",2242008,2237198,272755,11.9935343674064,53.8238935811112,60.4397040510114,11.2001384473204,31.7570677713906,41.2027521757282,12.1700279392402,"white"
"Washoe County, Nevada",468686,464822,43706,11.0636972301285,57.891424109105,60.7481341452486,7.79007693850467,25.08395812975,62.1657143588671,2.40502169896263,"white"
"Hillsborough County, New Hampshire",412968,408760,28116,12.0621936808663,61.2032893589818,62.7528040913582,4.53231243098739,7.33374014451483,83.5447298580035,2.70359931035819,"white"
"Rockingham County, New Hampshire",307545,306910,16381,11.907200572274,68.4748573379505,60.937098635972,2.11903949015591,3.20375879952527,92.003771805752,1.06195841259003,"white"
"Atlantic County, New Jersey",261340,257467,22656,13.1395882758093,57.4971301752506,59.3315221550471,7.0222698400551,19.5109818627076,55.8777837300069,13.904492232341,"white"
"Bergen County, New Jersey",926661,922040,64289,7.51720424189644,69.3013950085306,60.3402970449819,10.7086626069296,21.0850569949528,54.9042206373204,5.58553775328842,"white"
"Burlington County, New Jersey",427352,426294,19669,11.6264812145491,65.0498886164099,59.8953555850915,3.1851962784777,8.1845878807166,67.2539265055505,16.3630917838222,"white"
"Camden County, New Jersey",500794,498889,32088,15.1421542590366,56.1356565773552,60.1117425528261,4.2999716450277,17.6843173041211,55.6967535553541,19.1679612774913,"white"
"Cumberland County, New Jersey",138420,137414,12982,15.9478399075278,50.5367721427539,56.8306603092039,8.07542262678804,32.5906660887155,46.4065886432596,18.5840196503395,"white"
"Essex County, New Jersey",786886,775984,89731,12.0068218267957,53.9062837564781,61.1346497459607,13.5227974573191,23.8985062639315,29.9474129670626,39.5564287584224,"white"
"Gloucester County, New Jersey",290289,287028,12856,12.2433161435673,64.887060825591,60.9523612675644,1.73585633627178,6.68609558061105,77.7900643841138,10.7716792575675,"white"
"Hudson County, New Jersey",667039,663059,83573,8.92196708138505,52.5488014943654,66.5668724017636,22.1196961497004,42.6607739577446,28.8666779603591,12.4222121944894,"white"
"Mercer County, New Jersey",361583,347994,26621,8.93294209075095,57.3528069627167,61.1029832707843,12.6167435969058,18.5827320421591,48.4450319843577,19.9835169241917,"white"
"Middlesex County, New Jersey",818481,801464,61803,9.48855257483069,67.1554990280776,61.5794380077241,12.8391495954091,22.1575088487088,41.471946202783,9.99729987623415,"white"
"Monmouth County, New Jersey",614936,612120,32036,10.5708561541364,68.8570843144652,60.19764658436,4.04594949718345,11.1663652802893,74.8838903560696,7.38548401784901,"white"
"Morris County, New Jersey",488104,482841,25984,8.15789258026978,69.8467949453395,60.6022487010965,8.19620408765345,13.8843361250881,70.303050169636,3.67892908068772,"white"
"Ocean County, New Jersey",601743,599354,27421,13.1659196700252,68.2309557402413,51.9013931196541,2.78009050375326,9.56272029753566,84.2045524418232,3.09617228617533,"white"
"Passaic County, New Jersey",498963,493136,69727,7.33581447922992,58.2995131903568,59.9270887821341,14.9470000781621,43.0434721612625,40.2602998619136,11.3206790884294,"white"
"Salem County, New Jersey",61204,60855,3521,16.8355009476505,59.5876086530292,58.8229527481864,0.470557479903274,9.57126985164368,73.3906280635253,13.1756094372917,"white"
"Somerset County, New Jersey",325834,324373,21622,7.17788812708312,71.9768348300055,61.4991069071981,9.6337398798161,15.2878459583714,53.4738547849518,9.77460915680991,"white"
"Union County, New Jersey",551872,548487,67770,8.44561782442305,62.1662269511771,60.9413052301983,14.5432274150528,32.9181404383625,37.6815638408906,21.0023338745216,"white"
"Bernalillo County, New Mexico",671287,667255,58706,14.8084202435024,50.4670878476717,60.2442770379882,5.44357331513943,50.4495096732098,38.0463199793829,2.84259936510017,"white"
"Otero County, New Mexico",60018,59846,4920,23.5379386184145,58.4091439234896,53.8071911759805,5.89823053084075,39.1399246892599,48.1322269985671,3.82218667733013,"white"
"Sandoval County, New Mexico",146056,145695,7262,13.6913238757737,62.650627156707,57.5909240291395,1.65895273045955,39.9237278851947,42.4460480911431,2.77770170345621,"white"
"Santa Fe County, New Mexico",149100,147738,17833,14.9329309188464,51.719651240778,56.1334674714956,7.45674044265594,50.7753185781355,43.1200536552649,1.05432595573441,"white"
"Albany County, New York",301645,288350,7739,11.7797410863764,52.3393392895622,61.8939481841237,4.54673540088515,6.30376767392133,71.1727361633709,11.3454557509655,"white"
"Bronx County, New York",1396715,1365144,110932,15.5467650880817,35.4487493869544,60.9533798949678,16.5869200230541,56.6993982308488,8.63032186236992,38.1322603394393,"white"
"Chautauqua County, New York",125030,121787,7063,17.7941294089419,54.7388626729585,57.8173238422779,0.728625129968808,7.74534111813165,87.2398624330161,2.13068863472767,"white"
"Dutchess County, New York",284970,276055,15346,12.0795171421553,60.8495631119065,61.1506474365723,4.35694985437064,12.55149664877,71.6187668877426,10.627434466786,"white"
"Erie County, New York",907662,891212,23953,13.1296672109221,53.9621577195035,60.0802942064337,3.03251650944955,5.79169338366044,75.1005330177974,13.3725990511887,"white"
"Kings County, New York",2543955,2515244,159279,9.23117743828016,51.3107346631525,62.2094337360527,13.1880870534267,18.9159399439062,36.4964002900995,31.9585841730691,"white"
"Monroe County, New York",734592,715397,19809,14.2609775222164,52.8524677644189,60.3959749085206,3.35778227914271,9.18400962711274,70.0176424464192,15.348928384736,"white"
"Nassau County, New York",1347732,1338353,58542,8.6327993992871,70.4186737422574,59.3308610317185,7.03463299825188,17.5452538041688,58.1413812241603,11.680215354388,"white"
"New York County, New York",1617544,1563712,72468,10.7386259662797,38.8115562853313,67.9354626520206,12.517619304328,25.4879619967061,46.9926011286246,14.2669998466811,"white"
"Niagara County, New York",207046,205276,5702,14.2692928141572,56.7487418254881,59.3206340619959,1.53540759058373,3.33162678824995,84.9724215874733,6.40968673628083,"white"
"Oneida County, New York",221459,216553,10459,13.8179076036648,56.1670557529836,58.1434938295576,4.5692430653078,5.91396150077441,82.0738827503059,5.23302281686452,"white"
"Onondaga County, New York",455549,440952,16305,14.1892529672988,54.277146915041,59.7408840761367,3.98332561371005,5.14851311274967,76.4286608026798,11.5258731771994,"white"
"Orange County, New York",375571,372821,14984,10.880765554316,67.1103466455078,58.4730982956618,3.53435169382088,21.8155821402611,62.6981316448821,11.3858631257472,"white"
"Putnam County, New York",97921,96042,2981,10.207207851227,69.8512065849001,62.8721111916749,5.27772387945385,16.4469317102562,76.9222128041993,3.33125682948499,"white"
"Queens County, New York",2238572,2223891,208573,10.0883509665983,57.4483197324008,62.9411964413028,19.8031602289317,28.2350980893177,24.3156798173121,18.3617949299821,"white"
"Rensselaer County, New York",156727,152625,4555,15.4804213696428,52.2111697410146,60.9046303444844,3.73324315529551,5.19438258883281,82.4369763984508,7.15384075494331,"white"
"Richmond County, New York",472408,469019,19027,9.37134849536841,67.0320993717295,60.7623071582192,7.52781493962846,18.6728421195238,59.5085180606594,10.0063927791231,"white"
"Rockland County, New York",323954,319843,14317,8.35272909116726,75.9314594047303,54.2043006105805,8.61634676528149,18.3828568253517,62.5845027380431,12.0476981299814,"white"
"Saratoga County, New York",227445,225070,5518,11.7127217569083,65.8866978830047,59.862384312691,2.55402404977027,3.39950317659214,89.9967024995054,1.54191123128668,"white"
"Schenectady County, New York",153460,150471,6227,13.1219861853252,50.8367001172944,60.4672227290499,3.85181806333898,7.46513749511273,71.4994135279552,11.0862765541509,"white"
"Suffolk County, New York",1465468,1449341,63289,9.58608444537854,66.1909369566582,60.4634151001591,6.25179123665614,20.2704528519217,66.2847636386465,7.60030242898514,"white"
"Ulster County, New York",173042,166023,7425,14.4687416927682,56.7885253291109,60.6292114053236,3.36450110377827,10.3662694605934,79.2027369078027,5.51426821234151,"white"
"Westchester County, New York",955586,943382,43159,9.42426950583202,65.3504760429726,59.5575908395477,9.93024175741377,25.6119281781022,52.375819654118,15.3206514118039,"white"
"Alamance County, North Carolina",168552,165000,17068,11.7067729840049,60.6602116854146,58.7794864492857,5.31527362475675,13.0582846836585,62.9307276092838,20.1255398927334,"white"
"Brunswick County, North Carolina",141801,141758,13108,13.4632336866454,68.0051621638775,51.0892024738895,1.37305096579009,4.96611448438304,82.321704360336,7.34268446625905,"white"
"Buncombe County, North Carolina",257339,254023,34209,12.951787331108,57.7020972336101,59.994792860779,4.97476091847718,6.91616894446625,83.277311250918,6.44092034242769,"white"
"Cabarrus County, North Carolina",214932,214485,19736,9.88359108927475,66.6392161241695,58.8381441572218,4.46745947555506,11.1249139262651,62.9394413116707,18.5998362272719,"white"
"Catawba County, North Carolina",157574,156475,25285,14.3741987891403,57.5050452485816,59.0611395280947,3.86421617779583,10.2631144731999,74.8975084722099,8.74255905162019,"white"
"Cleveland County, North Carolina",97697,96264,12325,17.0967378732203,57.0447403707381,58.2894049970828,1.24057033481069,3.77698394014146,72.5211623693665,20.8870282608473,"white"
"Craven County, North Carolina",94643,94315,10626,14.3349217586087,68.2121234533986,55.7949346491552,3.28286296926344,7.15108354553427,65.6646556005199,21.6983823420644,"white"
"Cumberland County, North Carolina",302742,300562,34394,16.9791439575612,50.9222374166782,58.0223424566132,3.3668932622497,11.5309405368267,40.6933956966658,38.6712117908979,"white"
"Davidson County, North Carolina",166167,165949,18514,15.1877328230034,63.4662718831055,59.1194400813639,3.59457654046832,7.42566213508097,79.4712548219562,10.4118146202315,"white"
"Durham County, North Carolina",316143,305398,40573,8.87383241128224,49.6854271642896,64.7283033310875,9.50076389481975,13.6552129890587,43.1092891507957,35.32800030366,"white"
"Forsyth County, North Carolina",379183,370891,46457,11.6764200926729,53.5506602352954,59.3338836392982,4.8113971354201,13.3571389012693,56.2153366580253,26.2757032883858,"white"
"Gaston County, North Carolina",221771,220683,25066,15.7540886770588,57.4263542122279,59.7336892560344,3.02293807576284,7.62994259844614,70.770750007891,17.3309404746337,"white"
"Guilford County, North Carolina",532763,514245,56727,11.7947379979466,51.7873801296261,60.5424926280541,5.70216024761479,8.43602127024587,49.0238623928464,34.2247866312037,"white"
"Harnett County, North Carolina",130189,128421,18130,13.1570255551544,59.2093033973684,57.4165252056625,3.5947737520067,13.6286475815929,60.4690104386699,22.2845248062432,"white"
"Henderson County, North Carolina",116121,115817,14320,16.2425401090242,65.4308867474445,54.2012211400177,3.33359168453596,10.3814124921418,83.1227771031941,3.36976085290344,"white"
"Iredell County, North Carolina",180601,180384,17412,11.4274007342152,69.7199904762432,60.3479493469028,3.94571458629797,8.053111555307,75.3794275779204,11.3266260984158,"white"
"Johnston County, North Carolina",207786,207413,26105,12.5590752023717,63.8387571828708,59.1093721424928,6.68283714975985,14.0784268430019,66.8158586237764,16.6676291954222,"white"
"Mecklenburg County, North Carolina",1105042,1094045,133726,7.51790429685026,53.8355103244945,63.9117789188103,9.86641231735988,13.8008329095184,45.9987946159512,31.6232324201252,"white"
"Moore County, North Carolina",95850,95582,8974,15.39593114241,61.1486697965571,51.7621283255086,3.19770474700052,7.43557642149191,76.4308815858112,12.0292123109025,"white"
"New Hanover County, North Carolina",230747,225124,22881,12.1202009126879,54.0891105843196,61.7234460253004,2.76579977204471,5.77082258924276,77.4150909870984,12.3633243335775,"white"
"Onslow County, North Carolina",164323,164129,16225,16.6093608320199,67.4135696159393,58.018658374056,1.84879779458749,11.0325395714538,66.7794526633521,15.5121315944816,"white"
"Orange County, North Carolina",147792,135807,9335,8.36378153080004,56.1633917938725,63.2084280610588,6.30548338205045,8.67097001190863,69.5924001299123,11.2475641442027,"white"
"Pitt County, North Carolina",179102,172753,16475,15.9389621556432,49.6504784982859,62.3499458409175,3.0306752576744,6.54934059921162,53.8397114493417,33.8293263056806,"white"
"Randolph County, North Carolina",142111,141890,23367,17.5123670933285,58.6682241346553,58.3944944444835,3.90399054260402,12.1102518453885,78.4027978129772,5.53510987889748,"white"
"Robeson County, North Carolina",129036,127065,16871,17.4749682259214,44.3527387705757,58.0062928175083,3.39362658482904,9.25245667875632,24.3823429120555,23.0726308937041,"white"
"Rowan County, North Carolina",139713,137304,16993,14.8461488909407,56.966066149893,59.1455340591069,4.24799410219521,9.50734720462663,71.1895099239155,15.9763228904969,"white"
"Rutherford County, North Carolina",66060,65879,7477,20.6963366636391,53.3651226158038,55.3178928247048,1.46684831970936,4.78504389948532,83.1743869209809,9.61701483499849,"white"
"Union County, North Carolina",238448,237178,20841,8.88495604911763,75.6605213715359,58.6786217540093,4.78049721532577,11.5035563309401,71.1589109575253,11.5220089914782,"white"
"Wake County, North Carolina",1103652,1089427,95851,8.66867454596195,61.9888334366268,62.7035514818077,7.95486258349552,10.4186827007064,59.4473620307851,20.6685621917054,"white"
"Wayne County, North Carolina",116796,115930,14802,16.0938730778451,55.2630227062571,55.6046439946574,5.20480153429912,12.7324565909791,52.2252474399808,31.7921846638584,"white"
"Wilson County, North Carolina",80948,80313,12273,13.395019024559,51.7492711370262,57.2379799377378,4.40529722784998,10.8958837772397,46.8004150812868,40.1529376883925,"white"
"Allen County, Ohio",99762,98534,6456,17.9968324612578,56.4373208235601,56.7731200256611,0.738758244622201,3.37603496321245,80.8754836510896,10.4669112487721,"white"
"Butler County, Ohio",379319,371244,24591,11.912664538291,59.4515434238728,59.7642090166852,4.00375409615653,4.99289516211948,79.8024881432251,8.79286299921702,"white"
"Clark County, Ohio",132508,130910,8755,17.2842394421469,54.0865457179944,56.8312856582244,0.783348929875932,3.52507018444169,84.0952999064207,8.83342892504603,"white"
"Cuyahoga County, Ohio",1220091,1205895,65202,14.6480877246041,47.0242793365413,60.0160151988663,3.58612595290023,6.31149643756081,58.46121313902,29.4523113439899,"white"
"Franklin County, Ohio",1309506,1288086,104601,11.0767724622873,51.5545556874119,63.0291117413742,5.97767402363945,5.77790403404032,61.9445806281147,23.0804593487926,"white"
"Greene County, Ohio",165329,158005,9682,13.6098325157716,58.7930732055477,59.5031724621815,2.22465508168561,2.95652910257729,83.8231647200431,6.22758257776917,"white"
"Hamilton County, Ohio",809457,797544,50483,11.3161044996831,50.2546769006877,60.2155519070191,3.32074464733766,3.59043161032643,64.6432114368027,25.6616472524174,"white"
"Lake County, Ohio",228168,227065,13478,13.1170891623716,59.9921987307598,58.7974650257705,1.99282984467585,4.71801479611514,87.1230847445742,4.66323060201255,"white"
"Lorain County, Ohio",304425,301289,18619,13.2873449946621,54.6988585037365,57.2472694423914,1.34844378746818,10.5103063151844,77.9016178040568,7.13344830418001,"white"
"Lucas County, Ohio",423626,417919,27537,14.8005552067154,50.4421352797043,59.6094196295789,1.36818797713077,7.39614660101127,68.2045011401567,19.0347145831465,"white"
"Mahoning County, Ohio",223819,221359,12034,16.4029863416421,50.3210183228412,57.2936167170794,1.22733101300605,6.5414464366296,75.6110964663411,14.6533582939786,"white"
"Montgomery County, Ohio",522718,510754,38469,16.5963291870569,50.6980819485841,58.3551743004832,2.43018223975451,3.25261422028704,70.0404424565445,19.7486981508194,"white"
"Stark County, Ohio",365790,361465,22554,14.4369720331338,56.8509253943519,58.0617294075836,0.565898466333142,2.23051477623773,86.140408431067,7.81787364334728,"white"
"Summit County, Ohio",534581,530368,34509,13.0049515414876,55.3130395580838,59.5286775998399,2.60989447810528,2.30404746895232,76.1613300884244,14.7139535449258,"white"
"Trumbull County, Ohio",194572,194168,16769,16.2813765598339,54.3916904796168,56.6361038587258,0.42452151388689,1.95249059474128,87.1507719507432,7.90812655469441,"white"
"Cleveland County, Oklahoma",278119,271745,22330,13.4151208655288,60.5269686716837,62.479010783154,3.29031817315609,9.20001869703257,70.9599128430636,4.579334745199,"white"
"Comanche County, Oklahoma",106861,106553,14439,20.3104968136177,52.9940764170277,59.9414192268461,2.0222532074377,13.3041989126061,56.1748439561674,15.8242951123422,"white"
"Muskogee County, Oklahoma",65051,64108,9503,19.6538100874698,56.2912176599899,55.7593272970439,1.35124748274431,6.37038631227806,55.624048823231,10.2888502866981,"white"
"Oklahoma County, Oklahoma",785041,777997,110831,13.920292061179,53.8700526469318,59.053221424104,6.34501892257857,18.0635151539856,55.3111238776064,14.8680132630016,"white"
"Payne County, Oklahoma",80165,73123,10034,13.7915549179817,54.5474957899333,63.4728372731242,5.75063930643049,4.67410964884925,77.0124119004553,3.49404353520863,"white"
"Pottawatomie County, Oklahoma",70658,69369,10485,16.780831611424,61.2513798862125,57.5674375159218,0.5604460924453,5.17988055138838,72.450394859747,3.20982762036854,"white"
"Tulsa County, Oklahoma",646052,642362,93075,12.2149610248091,57.7789403948908,58.9378254382,5.20221282497384,13.3422696625039,60.9241980521692,9.91684879854872,"white"
"Wagoner County, Oklahoma",80967,80961,9704,15.5693060135611,71.2957130682871,57.7420430545778,1.52654785282893,6.74225301666111,70.4805661565823,3.65457532080971,"white"
"Clackamas County, Oregon",416386,414772,30986,11.7756120522784,65.9465015634531,59.218369493691,2.97296258759901,9.02744088417958,81.0272199353485,1.15709942217077,"white"
"Multnomah County, Oregon",807768,793837,58423,12.6626704697388,50.503857543255,66.8066821166474,6.86236642204197,12.0517277238019,68.7935149696447,5.21275910905111,"white"
"Washington County, Oregon",596874,593109,33821,9.75398492814229,63.7729235986154,62.324209129565,9.22673797149817,17.1516936572878,64.3842754082101,1.98668395674799,"white"
"Allegheny County, Pennsylvania",1203380,1181657,45051,13.7050640695375,54.4765576958234,61.0118998155196,3.35613023317655,2.26387342319134,78.0494939254433,12.8550416327345,"white"
"Berks County, Pennsylvania",415920,406605,22617,13.9584535487594,57.2141277168686,58.8310251971533,2.98086170417388,22.4995191382958,70.2974129640316,6.19614348913252,"white"
"Bucks County, Pennsylvania",621864,618074,23506,10.1744111252621,69.6658754968932,59.6773571070202,3.7730114623133,5.70076415422022,83.3056745526353,4.04461425649338,"white"
"Cambria County, Pennsylvania",126562,123120,4701,18.8966672460928,58.4330209699594,56.4055561700984,0.229136707700574,1.64346328281791,93.2357263633634,3.91823770167981,"white"
"Chester County, Pennsylvania",520393,510391,25206,9.3819478740106,69.2086557659307,59.4589089399742,4.80079478394214,7.59618211620833,78.6455621040252,5.65937666340631,"white"
"Dauphin County, Pennsylvania",274980,270955,18457,11.0440759327951,55.9720706960506,58.7224525420031,4.80544039566514,9.88471888864645,64.4846897956215,19.371590661139,"white"
"Delaware County, Pennsylvania",559016,545032,27012,11.9645949310932,59.9659043748301,59.7601857549694,4.43797673054081,4.04693246704924,65.8145741803455,21.8644904618115,"white"
"Erie County, Pennsylvania",262654,256072,12632,15.0825801244222,52.2459204885515,58.3817493737008,1.35996405918052,4.42597485665552,84.2176399369513,6.2641345648648,"white"
"Lackawanna County, Pennsylvania",205870,201706,11725,16.1538835187254,57.4517899645407,58.456793121873,2.58124058872104,8.42327682518094,83.8432020206927,3.28265410210327,"white"
"Lancaster County, Pennsylvania",539504,533811,60987,10.7039058097808,65.5959918740176,56.9895681959726,1.88691835463685,10.9578427592752,81.2320205225541,4.27559387882203,"white"
"Lehigh County, Pennsylvania",364081,358134,24307,12.7268382585194,57.5621908311612,59.3988700316688,5.00493022157157,26.364188188892,62.0787681862003,8.52310337534779,"white"
"Luzerne County, Pennsylvania",309750,305442,18164,16.6724778046812,53.3804681194512,58.8258272800646,3.38337368845843,13.8440677966102,79.792413236481,6.59854721549637,"white"
"Monroe County, Pennsylvania",168886,167698,12547,13.2000284215388,60.4828108901863,61.7600037895385,1.95575713795104,16.811340193977,64.6092630531838,14.454720936016,"white"
"Montgomery County, Pennsylvania",816282,807881,30765,10.2012539784045,66.9246657405161,59.0610842821476,3.72824587581253,5.43329388618149,75.3580257803063,9.06965974993936,"white"
"Northampton County, Pennsylvania",302524,294125,10073,12.6251140405389,60.9168198225595,58.9064008144808,2.85630230989938,14.1545794713808,75.1133794343589,5.96382435773691,"white"
"Philadelphia County, Pennsylvania",1570389,1535603,127461,17.6714177187945,36.553045137224,63.2408912696154,6.75902594834783,15.27449568228,34.1345360926497,41.4151525513742,"white"
"Washington County, Pennsylvania",205003,200880,10334,16.6899996585416,60.3337512133969,58.3815846597367,0.980473456486003,1.81119300693161,91.9313375901816,3.08727189358205,"white"
"Westmoreland County, Pennsylvania",345836,341013,14193,15.6296626146497,61.6902231115326,57.8626863600088,0.560670375553731,1.29020691888641,93.5174475763078,2.24962120774008,"white"
"York County, Pennsylvania",444033,440010,19375,12.6535640369072,62.9421687126858,58.7023937410057,2.36896807219283,7.9784610603266,82.629894624949,5.53652543842462,"white"
"Providence County, Rhode Island",628539,611610,29810,13.5441078437456,50.64793115463,62.493337724469,8.41872978446843,24.1657240043975,59.0531375141399,11.0569113451989,"white"
"Aiken County, South Carolina",168485,167313,17412,13.6012107902781,60.6178591566015,57.2353621984153,2.20138291242544,5.96432916876873,65.8569012078227,26.4522064278719,"white"
"Anderson County, South Carolina",201202,200063,23290,17.3765668333317,60.1599387680043,57.4765658393058,2.50246021411318,4.01586465343287,77.1155356308585,14.6941879305375,"white"
"Beaufort County, South Carolina",186973,186251,18679,13.2430885742861,63.3636942232301,50.7313890240837,4.23804506533029,11.1887812678836,68.5050782733336,16.9088584982858,"white"
"Berkeley County, South Carolina",221340,221199,24179,13.5745911267733,62.1175567000994,60.1942712568899,3.79642179452426,6.89888858769314,62.3430017168158,24.4492635763983,"white"
"Charleston County, South Carolina",402304,395179,45986,10.195275214763,54.1441298122813,61.6272768851416,4.25325127266942,5.2937579541839,65.4340995863824,24.6723870505886,"white"
"Dorchester County, South Carolina",160330,160254,19400,13.6942555978295,65.764984719017,59.5989521611676,5.25728185617165,5.74876816565833,64.1352211064679,23.4129607684151,"white"
"Florence County, South Carolina",136552,135027,15639,11.1832854883121,52.0175464291991,58.2825590251333,2.04464233405589,2.84799929697112,51.2244419708243,43.8301892319409,"white"
"Greenville County, South Carolina",519099,511614,55418,12.9100614718965,60.1865925382249,59.5998065879534,5.34117769442823,9.50936141275556,67.8793447877958,17.0144808601057,"white"
"Horry County, South Carolina",352674,349593,52677,16.2906820463091,54.9663428548745,56.1405150365493,4.69016712317891,6.11839829417536,77.5024526900197,12.5713832037519,"white"
"Lexington County, South Carolina",296193,295645,31065,13.3443396704176,60.3032482199107,59.7434780700422,3.06421826309197,6.3009591718913,74.1820367125489,14.6546339717684,"white"
"Richland County, South Carolina",390435,380033,37617,14.3860053530037,50.6793704457848,61.5198432517577,3.40210278279355,4.65352747576421,41.1044091846274,49.0196831738958,"white"
"Spartanburg County, South Carolina",315591,312146,30612,15.6183161116762,60.8407717583835,59.2906641824387,2.80869860040369,7.33227500150511,67.9873633912247,20.3326457345108,"white"
"Sumter County, South Carolina",101370,100760,9352,12.919009568906,54.5042912104173,56.4525993883792,1.00128243069942,3.38660353161685,44.1274538818191,48.1296241491566,"white"
"York County, South Carolina",279159,276693,26236,9.69340053517888,59.0358899408581,59.6387721692655,3.3704806221544,5.93998402344184,69.8046632922456,19.0318062466193,"white"
"Minnehaha County, South Dakota",190138,186522,16434,11.0004312657123,63.407104313709,59.9401487340774,4.04074935047176,4.97480777119776,82.3286244727514,6.2638715038551,"white"
"Bradley County, Tennessee",106888,104604,12362,19.3847765885787,59.7260684080533,59.4173340318838,3.1135394057331,6.70608487388668,85.0207694034878,6.38051044083527,"white"
"Davidson County, Tennessee",687264,672370,78175,10.9001780974997,47.8091388462076,65.4412278251152,8.55755575732179,10.4112830004191,56.1973273734693,26.5481678074219,"white"
"Hamilton County, Tennessee",363655,356424,37345,16.2931899740138,54.377913131952,60.2109141906477,3.22420975924984,6.09643755757517,70.9348145907522,18.3052618553299,"white"
"Knox County, Tennessee",465544,457643,39202,12.0181980650594,58.037908339491,61.7320811781486,2.64980324093963,4.5632636227725,81.8698125204062,8.14917601773409,"white"
"Madison County, Tennessee",96604,94041,9406,13.9642250838475,52.5651111755207,58.7046085048238,1.96161649621134,4.0267483748085,53.7803817647302,37.4446192704236,"white"
"Maury County, Tennessee",95364,95240,8671,10.3382827901514,67.4269116228346,59.5727947653202,1.69246256448974,6.19416131873663,78.720481523426,12.5928023153391,"white"
"Montgomery County, Tennessee",194529,193544,16390,15.6578196567093,62.0395930683857,59.0163934426229,2.75485917266834,9.99336859799824,61.7506901284641,20.3918181864915,"white"
"Robertson County, Tennessee",70798,70677,6024,17.0499166643126,72.7831294669341,58.6471369247719,2.98878499392638,7.35755247323371,82.4853809429645,7.31235345631232,"white"
"Rutherford County, Tennessee",329985,327114,29846,10.1807657923845,60.9521644923254,63.0707456399533,5.84178068700092,8.7282755276755,68.8688879797566,15.1373547282452,"white"
"Shelby County, Tennessee",925475,919841,111728,12.652205624139,48.5216780572139,59.7457521813123,3.60409519435965,6.65614954482833,35.2972257489397,53.7133904211351,"white"
"Sullivan County, Tennessee",156524,155501,15047,18.8891160461016,61.337558457489,58.0275229357798,0.87526513505916,2.05719250721934,93.0400449771281,2.06294242416498,"white"
"Sumner County, Tennessee",189540,189473,15829,15.3703703703704,68.5348739052443,59.0213147620555,2.88435158805529,5.32974570011607,83.0099187506595,7.94502479687665,"white"
"Williamson County, Tennessee",237993,237959,10575,7.52837268323018,82.8629413470144,57.7895148176627,3.91356048287135,4.92619530826537,83.7259919409394,3.70515099183589,"white"
"Angelina County, Texas",84961,84039,14979,14.6384811854851,60.9373712644625,55.7444003719354,4.97757794752887,22.7174821388637,59.7603606360565,15.5812666988383,"white"
"Bell County, Texas",338572,336045,50851,15.2508181420791,56.117753387758,57.8766111787153,4.32315726049408,25.640336472006,44.1953262526139,25.3975520716421,"white"
"Bexar County, Texas",1970811,1959169,332400,14.1553908517864,53.3164773283689,60.4925079066435,7.65157085078173,61.1251408684039,26.750966987702,7.58667370945261,"white"
"Brazoria County, Texas",361770,361390,52328,8.26685463139564,68.8315780744672,59.6445255272687,6.04693589849905,31.4412472012605,45.875003455234,14.0940376482295,"white"
"Brazos County, Texas",224256,211924,28504,8.26287813926941,45.9572988013699,66.7705657819635,8.41449058219178,26.2169128139269,55.4005244006849,10.8019406392694,"white"
"Collin County, Texas",1031410,1028526,114528,6.89502719578053,71.0596174169341,61.7405299541404,11.5564130656092,15.5361107609971,54.95690365616,10.3071523448483,"white"
"Coryell County, Texas",58629,58361,6986,19.9508775520647,63.9853997168637,55.678930222245,3.82234047996725,17.0308209247983,62.3275170990465,10.169028978833,"white"
"Dallas County, Texas",2616876,2604359,600318,9.61616064345426,55.2205377709911,61.6616530550167,18.4259399375439,40.9112621308767,28.2150931110225,22.4940730856181,"white"
"Denton County, Texas",883597,875468,103230,8.27662384548612,66.723743969253,63.6621672549816,8.520060615869,19.620483093537,57.5905078899091,10.0081824632723,"white"
"Ector County, Texas",164993,164416,35973,9.37494317940761,61.9741443576394,58.7946155291437,11.0319831750438,62.9414581224658,30.1455213251471,5.98995108883407,"white"
"Ellis County, Texas",183681,183141,30021,12.1215585716541,70.333349665997,59.3387448892373,5.13716715392447,27.0370914792494,58.8465872899211,10.7027945187581,"white"
"El Paso County, Texas",813325,811169,180847,13.9024375249746,55.49356038484,58.0630129407064,10.7210524697999,84.5949651123475,10.658592813451,2.94261211692743,"white"
"Fort Bend County, Texas",806384,805036,107860,6.60541379789282,75.7621679001568,59.6506131074029,11.6925683049267,24.9051320462708,31.844877874561,20.2264677870593,"white"
"Galveston County, Texas",337831,336288,47974,11.1153209740965,63.7866270413313,59.623006769657,6.09742741193082,25.473979593347,56.6955075170721,12.3502579692213,"white"
"Grayson County, Texas",135108,133994,26279,16.891671847707,61.2369363768245,57.0343725019984,4.07969920360008,14.318175089558,74.4737543298694,6.13657222370252,"white"
"Gregg County, Texas",121043,118729,23971,11.5033500491561,59.301240055187,57.1011954429418,6.52495394198756,19.6302140561619,56.1089860628041,18.3290235701362,"white"
"Guadalupe County, Texas",163717,162891,22154,13.5343305826518,68.0546308569055,59.7305105761772,3.24034767311886,38.9599125319912,48.9521552434994,8.48293091126761,"white"
"Harris County, Texas",4689767,4669470,1048228,9.45302826345104,58.0331176367611,61.4072298261299,15.906632461698,43.8324547893318,28.5023541681282,19.0421400466164,"white"
"Harrison County, Texas",65811,65228,11733,18.1185516099132,58.1483338651593,56.1197976022246,1.7945328288584,13.6177842609898,63.2644998556472,17.5897646290134,"white"
"Hays County, Texas",228729,222885,31004,10.9457043050947,60.4016106396653,63.8126341653223,5.89737199917807,40.1719939316833,52.4695163271819,4.11097849420056,"white"
"Jefferson County, Texas",238577,235887,48711,15.9223227721029,56.2229385062265,59.2429278597685,8.18897043721733,22.2779228509035,39.7326649257892,32.7332475469136,"white"
"Johnson County, Texas",173150,172683,31638,9.63326595437482,64.4273751082876,58.4036962171528,2.78429107710078,22.5376840889402,70.2419867167196,4.42737510828761,"white"
"Kaufman County, Texas",135139,134715,18075,11.6672463167553,67.2085778346739,57.7553481970416,5.25162980338762,23.3759314483606,59.7384914791437,14.0647777473564,"white"
"Liberty County, Texas",81218,81190,18136,17.4247088083922,62.9872688320323,54.1998079243517,6.81868551306361,28.4727523455392,60.831342805782,8.041320889458,"white"
"Lubbock County, Texas",305990,297687,42985,12.4056341710513,54.5338082943887,61.3722670675512,4.21974574332495,36.442694205693,52.4441975227949,6.7319193437694,"white"
"McLennan County, Texas",252425,246949,33136,13.4435971080519,55.1237001089433,58.1190452609686,5.43052391799544,26.9279984153709,55.5349113598098,13.5244131920372,"white"
"Midland County, Texas",175530,174954,27999,10.888167264855,60.8209422890674,58.7614652765909,8.48345012248618,46.2422377941093,43.7332649689512,6.47011906796559,"white"
"Montgomery County, Texas",605134,604660,83336,9.94920133391943,71.3868333294774,59.0774935799344,9.09996794098497,25.240525239038,64.2026394154022,5.21851358542075,"white"
"Nacogdoches County, Texas",64416,59807,8392,18.0203676105315,49.5078862394436,58.8347615499255,4.58892200695479,20.00434674615,59.1126428216592,19.4315076999503,"white"
"Nueces County, Texas",356724,351727,62571,13.2068489924984,54.1682084748994,58.7681232549534,5.75010372164475,65.0634664334331,28.2237808501811,3.8141532389186,"white"
"Orange County, Texas",82623,82559,11213,15.4448519177469,68.5608123645958,58.2440724737664,0.783074930709367,8.37539184004454,79.8712222988756,10.2380693027365,"white"
"Potter County, Texas",110763,110488,26514,13.157823460903,51.757355795708,56.8186127136318,11.2041024529852,39.6368823524101,43.4052887697155,9.47157444272907,"white"
"Randall County, Texas",136822,135181,11632,10.124102848957,63.6535060151145,58.750054815746,3.44608323222874,23.1994854628642,69.8374530411776,3.08210667875049,"white"
"Smith County, Texas",230289,226569,39217,14.9603324518323,60.1461641676328,56.841620746106,5.89780666901155,20.1772555354359,59.037991393423,17.6400088584344,"white"
"Tarrant County, Texas",2084791,2074146,347813,10.279159877417,61.4862592940971,60.7797616163922,9.21521629746099,29.5341355560342,45.1276890585195,17.0951428704364,"white"
"Taylor County, Texas",131322,127268,22527,14.7736099054233,58.0169354715889,56.9165867105283,3.38557134372002,25.4862094698527,62.5081859855927,8.77004614611413,"white"
"Travis County, Texas",1265027,1244880,178539,8.78842902167306,55.4201609926112,67.4376120035383,11.9301010966564,33.6807830979102,48.7927135152056,8.06235756232871,"white"
"Victoria County, Texas",91067,90738,18078,16.5691194395335,55.712826819814,56.4309793888017,2.85174651630118,48.059121306291,43.6953012617084,6.38211426751732,"white"
"Walker County, Texas",61093,58159,6214,8.09749071088341,54.9850228340399,65.0745584600527,8.18096999656262,15.3781939011016,59.3865090926947,22.5328597384316,"white"
"Wichita County, Texas",118898,117307,17957,15.4056418106276,59.0884623795186,58.1574122356978,2.51728372218204,19.4401924338509,65.9531699439856,8.69064239936752,"white"
"Williamson County, Texas",588258,586609,58877,9.59493963533007,67.0017237334639,61.1996776924411,7.16760333051144,24.8812595833801,57.8759659877129,6.82285663773378,"white"
"Salt Lake County, Utah",1152439,1145192,117935,9.14330389721278,66.3190850014621,60.5609494298614,7.82201921316443,18.7714056882837,70.0584586255759,1.99802332270949,"white"
"Albemarle County, Virginia",107798,101830,4274,9.08087348559342,63.0642498005529,57.2079259355461,4.87393087070261,5.72645132562756,77.2092246609399,8.66620902057552,"white"
"Arlington County, Virginia",231652,230615,12898,6.26197917566004,53.4979192927322,69.7533369019046,11.0126396491289,15.6113480565676,61.0536494396768,9.36275102308635,"white"
"Chesterfield County, Virginia",349587,347425,30474,12.2012546233127,65.1746203377128,59.6872881428657,4.64233509827311,9.53782606332615,60.3629425579326,23.5163206869821,"white"
"Fairfax County, Virginia",1131979,1125801,95768,7.7441365961736,69.4895400003004,61.0453904180201,13.6861196188269,16.596155935755,49.5396116005686,10.1111416377866,"white"
"Fauquier County, Virginia",70793,70711,6861,11.2369867077253,69.5591372028308,58.5453364033167,4.08938736880765,9.21277527439154,78.9541338832935,7.65329905499131,"white"
"Hanover County, Virginia",107504,106100,4856,12.688830183063,71.0931686262837,58.0257478791487,1.85853549635362,3.11337252567346,82.922495907129,9.92707248102396,"white"
"Henrico County, Virginia",328119,327663,22367,12.2263569010024,58.3370667349346,60.2887976618239,7.28942853050265,5.99904303012017,52.000341339575,30.8641072293893,"white"
"Loudoun County, Virginia",411654,410651,19236,5.76042015867695,78.562822175905,60.7913441871086,9.34717019632993,13.916784484057,54.5805457981703,7.86655783740714,"white"
"Prince William County, Virginia",462205,461953,52336,8.24742268041237,68.8698737573155,60.9608290693523,12.7415324369057,24.6964009476315,41.0101578303999,21.0739823238606,"white"
"Spotsylvania County, Virginia",134977,134868,9839,10.9722397149144,67.2966505404624,58.598872400483,5.12309504582262,10.5180882668899,66.5861591234062,16.8161983152685,"white"
"Stafford County, Virginia",147226,147177,10737,9.18995286158695,75.2577669705079,61.1889204352492,5.60362979365058,14.1374485484901,58.8890549223643,19.3736160732479,"white"
"Alexandria city, Virginia",155298,154795,12936,6.55578307512009,47.7662300866721,68.9339205913791,14.9364447706989,16.6962871382761,52.0232069955827,20.8940231039679,"white"
"Chesapeake city, Virginia",232910,232791,17772,14.3042376883775,63.7396419217724,59.0451247262891,3.63058692198703,6.60340904211927,56.3436520544416,30.2571808853205,"white"
"Hampton city, Virginia",127175,124655,8428,15.4967564379792,48.805976017299,58.7757027717712,1.54432868095144,5.44761155887557,37.237664635345,50.7159425987812,"white"
"Lynchburg city, Virginia",80666,72564,6808,10.4182679195696,49.9206605013265,63.1852329358094,3.24920040661493,4.59301316539806,62.238117670394,28.6638732551509,"white"
"Newport News city, Virginia",168900,165416,17296,12.1403197158082,45.0035523978686,59.5808170515098,5.37951450562463,8.86796921255181,41.5938425103612,42.3232682060391,"white"
"Norfolk city, Virginia",212766,204382,22479,13.9561772087646,40.7457018508596,62.7858774428245,3.53815929236814,8.08164838367032,40.9299418140116,44.2754011449198,"white"
"Portsmouth city, Virginia",88329,88069,6525,14.483352013495,42.9372006928642,59.2795118251084,0.713242536426315,4.21832014400706,36.6029276907924,54.9547713661425,"white"
"Richmond city, Virginia",228222,218860,26388,14.7448536950864,33.7101594061922,67.5381865026159,5.80794139040057,7.35161377956551,41.7970221976847,45.2988756561594,"white"
"Roanoke city, Virginia",98137,97545,9198,10.9479605041931,39.0270743959974,60.7395783445591,2.14597959994701,6.76605154019381,57.3117172931718,30.9434769760641,"white"
"Virginia Beach city, Virginia",423796,422183,27054,11.7502288837082,63.2165003916979,60.0423316878876,3.24047419041237,7.62465903406356,61.1249280314113,19.1599260021331,"white"
"Clark County, Washington",485140,483264,29557,12.1418559591046,65.3803025930659,59.2363029228676,5.2405491198417,10.1646947272952,77.5116461227687,2.14845199323907,"white"
"King County, Washington",2239641,2211497,123372,9.59577896636113,60.5993103358976,65.4572764117106,13.5364551729496,9.87613639864603,57.7977452636382,6.68236561127431,"white"
"Kitsap County, Washington",253152,252493,12329,13.1419068385792,65.3283402856782,57.5539596763999,2.58737833396536,8.0619548729617,76.303169637214,2.58856339274428,"white"
"Pierce County, Washington",881334,874611,57718,12.9319871921428,59.5979503797652,60.6405744019861,4.47106318376461,11.2622456412665,65.9534296872695,6.44557001091527,"white"
"Snohomish County, Washington",811625,808449,50762,12.1357769906053,64.8995533651625,62.3870629909133,7.39442476513168,10.5420606807331,67.9757277067611,3.23979670414292,"white"
"Spokane County, Washington",512600,503944,29522,14.1404603979711,57.7147873585642,59.8447132266875,2.00975419430355,5.82071790870074,84.3743659773703,1.95083886071011,"white"
"Brown County, Wisconsin",261233,256931,15443,11.5754900797372,61.2311614535683,59.1403076946634,3.12785903771729,9.10260189179774,80.5951009252277,2.36991498011354,"white"
"Dane County, Wisconsin",542339,531604,19555,8.22751083731762,56.7880974814645,64.053295079277,5.38998670573202,6.57909536286345,79.1877405091649,4.96091927742611,"white"
"Kenosha County, Wisconsin",167388,164696,13587,12.7679403541472,56.5082323703013,60.8161875403255,2.92972017109948,13.4961884961885,75.3960857409133,7.42765311730829,"white"
"Milwaukee County, Wisconsin",937080,924561,69420,11.6590899389593,45.3577069193665,60.827037179323,5.83856234259615,15.6619498868827,50.3972979894993,26.1324540060614,"white"
"Racine County, Wisconsin",191234,190512,11819,12.6954411872366,60.3098821339302,58.7406005208279,2.8917451917546,13.3815116558771,71.7042994446594,11.153351391489,"white"
"Rock County, Wisconsin",162076,160382,7890,13.421481280387,58.1727090994348,59.4431007675412,2.85113156790641,9.2154297983662,82.3002788815124,4.56637626792369,"white"
"Waukesha County, Wisconsin",401713,399051,12034,9.66212196269476,71.7385297463612,58.2206699808072,2.18165705366767,4.89877101313624,88.0484325874443,1.59317721856151,"white"
